{"cameraMode":{"drawMode":0,"name":"Shaded","section":"Shading Mode"},"sceneLighting":false,"audioPlay":false,"sceneViewState":{"m_AlwaysRefresh":false,"showFog":true,"showSkybox":false,"showFlares":true,"showImageEffects":true,"showParticleSystems":true,"showVisualEffectGraphs":true,"m_FxEnabled":true},"in2DMode":false,"pivot":{"x":-1.4612209796905518,"y":0.59842449426651,"z":10.552045822143555},"rotation":{"x":0.6960203051567078,"y":-0.0006295227212831378,"z":0.0006024847971275449,"w":0.7180659770965576},"size":0.13372927904129029,"orthographic":false}