{"cameraMode":{"drawMode":0,"name":"Shaded","section":"Shading Mode"},"sceneLighting":false,"audioPlay":false,"sceneViewState":{"m_AlwaysRefresh":false,"showFog":true,"showSkybox":false,"showFlares":true,"showImageEffects":true,"showParticleSystems":true,"showVisualEffectGraphs":true,"m_FxEnabled":true},"in2DMode":false,"pivot":{"x":0.45357751846313479,"y":0.6243804097175598,"z":12.3907470703125},"rotation":{"x":-0.14517448842525483,"y":0.040337905287742618,"z":-0.005921278614550829,"w":-0.9885779023170471},"size":0.8124038577079773,"orthographic":false}