{"cameraMode":{"drawMode":0,"name":"Shaded","section":"Shading Mode"},"sceneLighting":true,"audioPlay":false,"sceneViewState":{"m_AlwaysRefresh":false,"showFog":true,"showSkybox":false,"showFlares":true,"showImageEffects":true,"showParticleSystems":true,"showVisualEffectGraphs":true,"m_FxEnabled":true},"in2DMode":false,"pivot":{"x":5.522934913635254,"y":0.6378082633018494,"z":-0.9024094939231873},"rotation":{"x":0.6402578353881836,"y":0.0004892429569736123,"z":-0.00039517684490419924,"w":0.7681987285614014},"size":0.011834859848022461,"orthographic":false}