{"cameraMode":{"drawMode":0,"name":"Shaded","section":"Shading Mode"},"sceneLighting":false,"audioPlay":false,"sceneViewState":{"m_AlwaysRefresh":false,"showFog":true,"showSkybox":false,"showFlares":true,"showImageEffects":true,"showParticleSystems":true,"showVisualEffectGraphs":true,"m_FxEnabled":true},"in2DMode":false,"pivot":{"x":0.9221211075782776,"y":0.37855905294418337,"z":-4.619810104370117},"rotation":{"x":-0.2224016636610031,"y":0.09255345910787583,"z":-0.021214550361037256,"w":-0.9703311920166016},"size":0.6570714712142944,"orthographic":false}