{"cameraMode":{"drawMode":0,"name":"Shaded","section":"Shading Mode"},"sceneLighting":false,"audioPlay":false,"sceneViewState":{"m_AlwaysRefresh":false,"showFog":true,"showSkybox":false,"showFlares":true,"showImageEffects":true,"showParticleSystems":true,"showVisualEffectGraphs":true,"m_FxEnabled":true},"in2DMode":false,"pivot":{"x":9.879101753234864,"y":1.2062346935272217,"z":27.933582305908204},"rotation":{"x":-0.21451695263385774,"y":-0.03164136782288551,"z":0.0069589558988809589,"w":-0.9761971235275269},"size":0.3676968216896057,"orthographic":false}