{"cameraMode":{"drawMode":0,"name":"Shaded","section":"Shading Mode"},"sceneLighting":true,"audioPlay":false,"sceneViewState":{"m_AlwaysRefresh":false,"showFog":true,"showSkybox":true,"showFlares":true,"showImageEffects":true,"showParticleSystems":true,"showVisualEffectGraphs":true,"m_FxEnabled":true},"in2DMode":false,"pivot":{"x":-15.027498245239258,"y":-3.412686347961426,"z":16.087398529052736},"rotation":{"x":0.09009008854627609,"y":-0.5497110486030579,"z":0.05975047126412392,"w":0.8283790946006775},"size":17.269405364990236,"orthographic":false}