{"cameraMode":{"drawMode":0,"name":"Shaded","section":"Shading Mode"},"sceneLighting":false,"audioPlay":false,"sceneViewState":{"m_AlwaysRefresh":false,"showFog":true,"showSkybox":false,"showFlares":true,"showImageEffects":true,"showParticleSystems":true,"showVisualEffectGraphs":true,"m_FxEnabled":true},"in2DMode":false,"pivot":{"x":3.528581380844116,"y":0.41744911670684817,"z":0.013573352247476578},"rotation":{"x":0.6927779912948608,"y":-0.001712863682769239,"z":0.0016399507876485587,"w":0.7211871147155762},"size":0.39136701822280886,"orthographic":false}